source_path,source,source_id,source_key,wine_name,vintage_id,item_id,status,image_path,source_sha256,crop_sha256,bbox,confidence,width,height,wine_id,label,split
/mnt/SSD/workspace/wine/data/WineSensed/chunk_001/output_images/chunk_001/2JJXsSxZQ86k_0TKZWb8OQ.jpg,winesensed,2JJXsSxZQ86k_0TKZWb8OQ.jpg,winesensed:14329752,,14329752,06d61c197648b7774f87c962,ok,/mnt/SSD/workspace/wine/data/winesensed_embedding/crops/06/06d61c197648b7774f87c962.jpg,5ced6b2a7c27defb11045843f27c58ebffb872ff136cee04ed27a6f5d94d64bb,20a451e9a5bdb0f1f80ad1879f0ca3d9c19ad93c3f7a6b86c4fa940410171448,"[0, 0, 396, 634]",0.3447265625,396,634,winesensed:14329752,18,val
/mnt/SSD/workspace/wine/data/WineSensed/chunk_002/output_images/chunk_002/AkncViOFSVG7Uac-lJD9PQ.jpg,winesensed,AkncViOFSVG7Uac-lJD9PQ.jpg,winesensed:14329752,,14329752,5d387484129d6c890b075e97,ok,/mnt/SSD/workspace/wine/data/winesensed_embedding/crops/5d/5d387484129d6c890b075e97.jpg,786539b4799973603e6bffdcfef1a6e452926bb8fcbc2be832617839ecc3c3ea,490be32abaa3e375f1cff785c0d57f9883222dcb61367e880c8f675b5ebc634d,"[50, 0, 402, 640]",0.6953125,352,640,winesensed:14329752,18,val
/mnt/SSD/workspace/wine/data/WineSensed/chunk_002/output_images/chunk_002/5r-vHnKOQJSxn_TOzRPBlg.jpg,winesensed,5r-vHnKOQJSxn_TOzRPBlg.jpg,winesensed:14329752,,14329752,69edbe5f549d25882234c3ae,ok,/mnt/SSD/workspace/wine/data/winesensed_embedding/crops/69/69edbe5f549d25882234c3ae.jpg,956ed40e0a3fae93447093bd7c65bd157fe79da19ebc416b3c3ea0e22f8883e9,0ff5a399977f8c9d008396720771b19f2e781388eea59e8bd48acd2e9f0a93e1,"[89, 1, 421, 631]",0.7548828125,332,630,winesensed:14329752,18,val
/mnt/SSD/workspace/wine/data/WineSensed/chunk_001/output_images/chunk_001/4dADhhhSQG-Lgq8gFa-EEw.jpg,winesensed,4dADhhhSQG-Lgq8gFa-EEw.jpg,winesensed:14329752,,14329752,8715808ef340741b0199b851,ok,/mnt/SSD/workspace/wine/data/winesensed_embedding/crops/87/8715808ef340741b0199b851.jpg,f743fe64d7abc4779527b38d797f2eaf5231a8a3c1db1c61475ee93b56828151,5cd627acad1ac230f928d00643c69c4aa133bb2a1e77a19416fa91af6a6f5ddf,"[87, 0, 346, 617]",0.33154296875,259,617,winesensed:14329752,18,val
/mnt/SSD/workspace/wine/data/WineSensed/chunk_001/output_images/chunk_001/2DsAOFhpQbacpAV2ZvV2kg.jpg,winesensed,2DsAOFhpQbacpAV2ZvV2kg.jpg,winesensed:14329752,,14329752,a756596bcc1e036b798bfefa,ok,/mnt/SSD/workspace/wine/data/winesensed_embedding/crops/a7/a756596bcc1e036b798bfefa.jpg,bb338503ec917d2ee1dcf421817e1cdb45e78e1a2212b2fc30854eda2f89f106,6a3a26920c56a64f7c0e3e61ce4f7a12d660b7023642788fd880f1b411afa9a0,"[33, 4, 461, 640]",0.47265625,428,636,winesensed:14329752,18,val
/mnt/SSD/workspace/wine/data/WineSensed/chunk_001/output_images/chunk_001/3wTSaMUASI-1MbkCRhXQCQ.jpg,winesensed,3wTSaMUASI-1MbkCRhXQCQ.jpg,winesensed:14329752,,14329752,a9ffb6d84e3c581422a60019,ok,/mnt/SSD/workspace/wine/data/winesensed_embedding/crops/a9/a9ffb6d84e3c581422a60019.jpg,0a03d90deebd425237f808b7ec60d64cacef99cf522868b6b03db2b15a86f0fc,50cfef79cd8ee915881291ab795d1ea5ec95373886729d9a7025ddb539370b60,"[86, 0, 405, 633]",0.74560546875,319,633,winesensed:14329752,18,val
/mnt/SSD/workspace/wine/data/WineSensed/chunk_002/output_images/chunk_002/AvFULmDhS96HG0j3Kb-19A.jpg,winesensed,AvFULmDhS96HG0j3Kb-19A.jpg,winesensed:14329752,,14329752,b048aacc671c3ed4e0125949,ok,/mnt/SSD/workspace/wine/data/winesensed_embedding/crops/b0/b048aacc671c3ed4e0125949.jpg,9df2f98e472865cd2d77319ce9e582352c5c8da91a27db87f668f06f0a6db7e8,8eef1b58962009e46c5e0cf823a1368a521b4022849a66f993a219948e706b00,"[54, 0, 400, 633]",0.362548828125,346,633,winesensed:14329752,18,val
/mnt/SSD/workspace/wine/data/WineSensed/chunk_001/output_images/chunk_001/-R7pXWFdRzuNvss8cU98Mg.jpg,winesensed,-R7pXWFdRzuNvss8cU98Mg.jpg,winesensed:14329752,,14329752,bdf88e511a488fe209dd1a0f,ok,/mnt/SSD/workspace/wine/data/winesensed_embedding/crops/bd/bdf88e511a488fe209dd1a0f.jpg,726f20a62d1882c05ef4f05e3575340c9b4ef9d50d03db25850837402a82f126,d4581140bb4e60a992068a1749b672202d8e4dfac2dfa946264ca1370b881d6b,"[38, 0, 423, 637]",0.81689453125,385,637,winesensed:14329752,18,val
/mnt/SSD/workspace/wine/data/WineSensed/chunk_002/output_images/chunk_002/8mCVM4ZSSoWicBLcnHyGVQ.jpg,winesensed,8mCVM4ZSSoWicBLcnHyGVQ.jpg,winesensed:14329752,,14329752,c1610797a66d6aa7fffe4c34,ok,/mnt/SSD/workspace/wine/data/winesensed_embedding/crops/c1/c1610797a66d6aa7fffe4c34.jpg,cd871d7f390317edb8a8e3a58f8091ada97b1bf1771fe494690d1e1e5fb6f3a4,dee5943f8ba5b1f940e8f9b8de6666e04f79d8eff589da43bfa7d1d966f3220d,"[6, 0, 433, 640]",0.75927734375,427,640,winesensed:14329752,18,val
/mnt/SSD/workspace/wine/data/WineSensed/chunk_002/output_images/chunk_002/AS0ZkbJbQkuz6no7281Nug.jpg,winesensed,AS0ZkbJbQkuz6no7281Nug.jpg,winesensed:14329752,,14329752,dd1ec9fd84a41ff9991f9462,ok,/mnt/SSD/workspace/wine/data/winesensed_embedding/crops/dd/dd1ec9fd84a41ff9991f9462.jpg,23ef80eb2452dfd1c94516d80d497b956d871c016d968abe55d661c949786c59,079a3f4bf14d84ad728925aa448f140211752f0b6ffafc640a46cbd2cdaca53c,"[0, 1, 409, 636]",0.361083984375,409,635,winesensed:14329752,18,val
/mnt/SSD/workspace/wine/data/WineSensed/chunk_002/output_images/chunk_002/9XaoMJW2QLG_unzh5smwAw.jpg,winesensed,9XaoMJW2QLG_unzh5smwAw.jpg,winesensed:14329752,,14329752,e673853f5bb62e342210dc1c,ok,/mnt/SSD/workspace/wine/data/winesensed_embedding/crops/e6/e673853f5bb62e342210dc1c.jpg,f401ae8b6957a4b961bb8d5e8b305ce1f076fc53d3bf7e5bcd0c28a66f4f5790,6a5d66209c016c35846944b99ebbc233d04b86a0d1ec4b5b16c0b37b29bbfcc7,"[84, 0, 427, 639]",0.69775390625,343,639,winesensed:14329752,18,val
/mnt/SSD/workspace/wine/data/WineSensed/chunk_001/output_images/chunk_001/1_CQtNwtT9K10kMgon6Plg.jpg,winesensed,1_CQtNwtT9K10kMgon6Plg.jpg,winesensed:14329752,,14329752,fe6c9cc34acfd475817af384,ok,/mnt/SSD/workspace/wine/data/winesensed_embedding/crops/fe/fe6c9cc34acfd475817af384.jpg,2230aca3385d8d8387ac4d7e541319ed0f12356f127275a5fe1ca3b029bdbeae,14c6a04ca834e21a7490f1c306cad5f8dd4898112e58546ecf91adad47a2e5f2,"[38, 2, 422, 625]",0.6123046875,384,623,winesensed:14329752,18,val
/mnt/SSD/workspace/wine/data/WineSensed/chunk_002/output_images/chunk_002/7dl0tI_1QNC6XT5Igixrkw.jpg,winesensed,7dl0tI_1QNC6XT5Igixrkw.jpg,winesensed:144929829,,144929829,1d2b9f31096c5ff510d5fbd6,ok,/mnt/SSD/workspace/wine/data/winesensed_embedding/crops/1d/1d2b9f31096c5ff510d5fbd6.jpg,97e72cf1f9ee887702ef4366024dcb959b579e5b6efd9f2c44d1cabc91996e58,1de76fcf80e3abb0cf5f5eb418efc8a4283efc73facd283e4006ec27d0e149ee,"[54, 0, 480, 617]",0.451416015625,426,617,winesensed:144929829,21,val
/mnt/SSD/workspace/wine/data/WineSensed/chunk_002/output_images/chunk_002/8_-vi9A9Rqi_gWtNwNtigw.jpg,winesensed,8_-vi9A9Rqi_gWtNwNtigw.jpg,winesensed:144929829,,144929829,372bcb5d4d9ef29c5eb7456c,ok,/mnt/SSD/workspace/wine/data/winesensed_embedding/crops/37/372bcb5d4d9ef29c5eb7456c.jpg,f10e7481e30d1a985484809a98fcfc923b2be01c30b1ffe69dc94bcf413d2067,1430156a18c0e3aff56f9bf8c1c5486303d1917b712b1c0f0f13b5a0a113b070,"[101, 0, 379, 574]",0.315673828125,278,574,winesensed:144929829,21,val
/mnt/SSD/workspace/wine/data/WineSensed/chunk_002/output_images/chunk_002/703sO2eFTrCmcvcHlo5eDQ.jpg,winesensed,703sO2eFTrCmcvcHlo5eDQ.jpg,winesensed:144929829,,144929829,42f0c4647c63564b3a4518c4,ok,/mnt/SSD/workspace/wine/data/winesensed_embedding/crops/42/42f0c4647c63564b3a4518c4.jpg,cb5124bd0a3818d07eca5a01aa42a255284e929d593035c8c143ad7825955daa,3ab15c35621c88a3e033186fd28514461ca31144cedbfd7961dd944563d5c311,"[70, 0, 405, 629]",0.26513671875,335,629,winesensed:144929829,21,val
/mnt/SSD/workspace/wine/data/WineSensed/chunk_001/output_images/chunk_001/5BnxlOHARXObOJUtGf2RNg.jpg,winesensed,5BnxlOHARXObOJUtGf2RNg.jpg,winesensed:144929829,,144929829,52b7d079270750c83428b7cd,ok,/mnt/SSD/workspace/wine/data/winesensed_embedding/crops/52/52b7d079270750c83428b7cd.jpg,b958cadfd0a68842dbc87369c3b80948d81f7afb60fafa303c3810ca9bfd0515,49259b8a6e89acf1acaa009a22f830b3fc11e0981d01f43d83d42adf90848d39,"[53, 0, 408, 640]",0.263671875,355,640,winesensed:144929829,21,val
/mnt/SSD/workspace/wine/data/WineSensed/chunk_001/output_images/chunk_001/23W7Rl6hRCenCWMHa-60Ug.jpg,winesensed,23W7Rl6hRCenCWMHa-60Ug.jpg,winesensed:144929829,,144929829,86074830b73943a7dec79e15,ok,/mnt/SSD/workspace/wine/data/winesensed_embedding/crops/86/86074830b73943a7dec79e15.jpg,dfc5262c26a8b3beb346e059e4469e48c45e89db384042ec1363b14141792e5f,2820a4ed0aa3511f3b43882faee548bb0a270dca892b700f94ef667e4806d0a5,"[29, 0, 467, 604]",0.30078125,438,604,winesensed:144929829,21,val
/mnt/SSD/workspace/wine/data/WineSensed/chunk_002/output_images/chunk_002/8fxNDbrVQjyDNI8og4SNVA.jpg,winesensed,8fxNDbrVQjyDNI8og4SNVA.jpg,winesensed:144929829,,144929829,a007d760720e1ccbd9256ac9,ok,/mnt/SSD/workspace/wine/data/winesensed_embedding/crops/a0/a007d760720e1ccbd9256ac9.jpg,b9e56c7966c8cdbb1fa59058e2049dbe34b0e490cee763e94b3d4707f44b0916,47eb340188e22964feeec9c4f26d1ac40c6e684d1e47833aad6137f8fb7a33f9,"[85, 0, 397, 631]",0.283447265625,312,631,winesensed:144929829,21,val
/mnt/SSD/workspace/wine/data/WineSensed/chunk_001/output_images/chunk_001/1-v0Oti3TZu0vNwUzO05KA.jpg,winesensed,1-v0Oti3TZu0vNwUzO05KA.jpg,winesensed:144929829,,144929829,b62dd5264add3bea86f9362d,ok,/mnt/SSD/workspace/wine/data/winesensed_embedding/crops/b6/b62dd5264add3bea86f9362d.jpg,b824daa3e4fdb23a0758fce42bb46ddc12ac26a57d51cffc860c34f6b4a74788,f74846b834048e5191aaf484a177a7b01ae775d0ea102091403e1e3666645bf7,"[83, 0, 432, 639]",0.46875,349,639,winesensed:144929829,21,val
/mnt/SSD/workspace/wine/data/WineSensed/chunk_002/output_images/chunk_002/8pymu3A2SeuQkTVEyxB4aQ.jpg,winesensed,8pymu3A2SeuQkTVEyxB4aQ.jpg,winesensed:144929829,,144929829,e458d45d53540ed74b98b0a4,ok,/mnt/SSD/workspace/wine/data/winesensed_embedding/crops/e4/e458d45d53540ed74b98b0a4.jpg,f93a09a8494a4d19093ee7ae217bdc1adb2215386b5bab7966b32ef9847933ef,76c6c9178340bf7bed45f1661edfd37d64b8d505e46c7e51ae6bbf2dd72837c4,"[12, 0, 399, 636]",0.260498046875,387,636,winesensed:144929829,21,val
/mnt/SSD/workspace/wine/data/WineSensed/chunk_002/output_images/chunk_002/Ac43U7xeSpuic8oc7rmUgg.jpg,winesensed,Ac43U7xeSpuic8oc7rmUgg.jpg,winesensed:144929829,,144929829,e4a2d939d306fe136805b1ff,ok,/mnt/SSD/workspace/wine/data/winesensed_embedding/crops/e4/e4a2d939d306fe136805b1ff.jpg,b82fc37e1ac8e81c9b910eb57fffbd55418dc16b2604a8ede643cacfbdf3cabc,36cec75ce60bbe6e435993b110ceec10febee89ea25cb078afce2960d3293384,"[101, 0, 373, 637]",0.544921875,272,637,winesensed:144929829,21,val
/mnt/SSD/workspace/wine/data/WineSensed/chunk_002/output_images/chunk_002/7D541b9IR3O25-gANlls4g.jpg,winesensed,7D541b9IR3O25-gANlls4g.jpg,winesensed:144929829,,144929829,e5e2be49d25a39317fc447d4,ok,/mnt/SSD/workspace/wine/data/winesensed_embedding/crops/e5/e5e2be49d25a39317fc447d4.jpg,4f644a1201a5b36729a03bb3f0ba49437c357f7fc33c950c22fb7fa43bb2ed2b,6051a586b48cd4294ac6ad96136b67a876d9fdc461e9ddb6eb69d8c5f4e60764,"[378, 61, 434, 268]",0.28369140625,56,207,winesensed:144929829,21,val
/mnt/SSD/workspace/wine/data/WineSensed/chunk_001/output_images/chunk_001/-68EoEdkQyKkQ_EsDcWahw.jpg,winesensed,-68EoEdkQyKkQ_EsDcWahw.jpg,winesensed:144929829,,144929829,eb61744b429da47b23f572e6,ok,/mnt/SSD/workspace/wine/data/winesensed_embedding/crops/eb/eb61744b429da47b23f572e6.jpg,7a56c72e797d7b00e29e069d0be911a7704db02f08f8dbe0c07f1958f848a50e,59a5827bcb22514d472f9bf24be35f22a9a38bc1da9e30bc948564e7a0176301,"[153, 0, 420, 636]",0.3994140625,267,636,winesensed:144929829,21,val
/mnt/SSD/workspace/wine/data/WineSensed/chunk_002/output_images/chunk_002/BOsb2UqNSA6e8oYE5S5vMw.jpg,winesensed,BOsb2UqNSA6e8oYE5S5vMw.jpg,winesensed:144929829,,144929829,fa8f31171c4342f33ce64549,ok,/mnt/SSD/workspace/wine/data/winesensed_embedding/crops/fa/fa8f31171c4342f33ce64549.jpg,26b65b3781297974d8a8cdc85718c7f1c8568665988ba5326373267f28006380,f24b71b9be4f28c97dd3cac01c6b95a12868ba884507cbbb26832db04383e50d,"[66, 0, 423, 623]",0.61865234375,357,623,winesensed:144929829,21,val
/mnt/SSD/workspace/wine/data/WineSensed/chunk_002/output_images/chunk_002/5SMpIcJfQLKASlczsm7YUA.jpg,winesensed,5SMpIcJfQLKASlczsm7YUA.jpg,winesensed:150314267,,150314267,001aa7918a1c34c107dfdc66,ok,/mnt/SSD/workspace/wine/data/winesensed_embedding/crops/00/001aa7918a1c34c107dfdc66.jpg,7d499d46208581a29ff3b602865cdecdbab938eebfbe6aa3b0b65a9473f75008,33528672aec426df8ed9bb4c99085e9f8a63404c3b69e0b9f673080ff32c3b39,"[126, 1, 387, 634]",0.437744140625,261,633,winesensed:150314267,33,val
/mnt/SSD/workspace/wine/data/WineSensed/chunk_001/output_images/chunk_001/0xWqQ03CRIOvAePYHivwwA.jpg,winesensed,0xWqQ03CRIOvAePYHivwwA.jpg,winesensed:150314267,,150314267,009875fd20c49077f3556de9,ok,/mnt/SSD/workspace/wine/data/winesensed_embedding/crops/00/009875fd20c49077f3556de9.jpg,2806b9863d0d3df700790aaea0f5587b630336d3b7912ceb35a870ced4bf77d0,2348ead381376f42a61e1fef20f477917242c6434af169f5578093b06b460dd2,"[59, 0, 416, 640]",0.37841796875,357,640,winesensed:150314267,33,val
/mnt/SSD/workspace/wine/data/WineSensed/chunk_001/output_images/chunk_001/2xRuWnqlTS6nbUPddhM8xw.jpg,winesensed,2xRuWnqlTS6nbUPddhM8xw.jpg,winesensed:150314267,,150314267,0fbce0a60805e18a714889e4,ok,/mnt/SSD/workspace/wine/data/winesensed_embedding/crops/0f/0fbce0a60805e18a714889e4.jpg,49ee70b73c625f36f1d4af926a597263670a56f649a24a1ef39c77831d0dbcb4,16a8cca31e3e146f6873b060de96b6cd5b55f3ad56dcbde620daa7229b5116bc,"[74, 0, 368, 625]",0.25244140625,294,625,winesensed:150314267,33,val
/mnt/SSD/workspace/wine/data/WineSensed/chunk_001/output_images/chunk_001/58-cHniETeSTkjGt69AiIA.jpg,winesensed,58-cHniETeSTkjGt69AiIA.jpg,winesensed:150314267,,150314267,1e9f28ab9e5902f3960d4d18,ok,/mnt/SSD/workspace/wine/data/winesensed_embedding/crops/1e/1e9f28ab9e5902f3960d4d18.jpg,94bb0311fb6997d28fa2779a87a3f45d7757bfb75de22c8f9ac35aa38af5b8c1,911c37fe209d8a9e062bfcf7ecc3b3c3f6d07dffa4897e32b841326e6f9ff0fe,"[82, 4, 376, 638]",0.42333984375,294,634,winesensed:150314267,33,val
/mnt/SSD/workspace/wine/data/WineSensed/chunk_001/output_images/chunk_001/-W8A30MVTtaFRf9khmGJTw.jpg,winesensed,-W8A30MVTtaFRf9khmGJTw.jpg,winesensed:150314267,,150314267,246d761162ff666aa4df7ae0,ok,/mnt/SSD/workspace/wine/data/winesensed_embedding/crops/24/246d761162ff666aa4df7ae0.jpg,f3eef90b75915e6dd034d55caa7165f78f0e60b0f65a2098d4114b3c67670763,32754ef2e25765af08bece173886c75e4c2ee91013ab091b809ed96a534448a2,"[87, 11, 368, 631]",0.4716796875,281,620,winesensed:150314267,33,val
/mnt/SSD/workspace/wine/data/WineSensed/chunk_002/output_images/chunk_002/5_ump2kwRDyev9Ggj3hbuw.jpg,winesensed,5_ump2kwRDyev9Ggj3hbuw.jpg,winesensed:150314267,,150314267,29a4a5bf2208c24a8dcfc077,ok,/mnt/SSD/workspace/wine/data/winesensed_embedding/crops/29/29a4a5bf2208c24a8dcfc077.jpg,e5de8d4afb0acb5aeba75817a93be320649207d35db93ee756201bac37f310a1,3f5a3784ee789c2839829f86a6db646c624446afd84f0bbc879403cb40eb97e8,"[60, 1, 442, 640]",0.251708984375,382,639,winesensed:150314267,33,val
/mnt/SSD/workspace/wine/data/WineSensed/chunk_001/output_images/chunk_001/2eDNx150QpW38gVVnhht5Q.jpg,winesensed,2eDNx150QpW38gVVnhht5Q.jpg,winesensed:150314267,,150314267,7d86c72a983591cc2e7c9812,ok,/mnt/SSD/workspace/wine/data/winesensed_embedding/crops/7d/7d86c72a983591cc2e7c9812.jpg,9cf0a45319bfbabfde757a599a0107b6adecd4a978ea2b48696cb86eb0d69fe5,bf01a3d01f50b3dbd78f7dce13015acdbf6429c5ee04d00003dc6a54397effb9,"[40, 1, 414, 640]",0.39990234375,374,639,winesensed:150314267,33,val
/mnt/SSD/workspace/wine/data/WineSensed/chunk_001/output_images/chunk_001/4xTH0RBBRiCdPDkvniUT0A.jpg,winesensed,4xTH0RBBRiCdPDkvniUT0A.jpg,winesensed:150314267,,150314267,89aca1b085478604cfaf6a12,ok,/mnt/SSD/workspace/wine/data/winesensed_embedding/crops/89/89aca1b085478604cfaf6a12.jpg,b951c27bad572d55b2e5b300470b1b4be4c12dadad401dba09f1cd14784de6e8,e676113def05c76cf8a6caf7600f7daf78c58ca4b6ff2637ca4d46c4dc8355d5,"[91, 0, 360, 638]",0.5205078125,269,638,winesensed:150314267,33,val
/mnt/SSD/workspace/wine/data/WineSensed/chunk_002/output_images/chunk_002/6BXDQjJsQEOLV50xDy4EGg.jpg,winesensed,6BXDQjJsQEOLV50xDy4EGg.jpg,winesensed:150314267,,150314267,a2f71bcc60448d5d502fe08d,ok,/mnt/SSD/workspace/wine/data/winesensed_embedding/crops/a2/a2f71bcc60448d5d502fe08d.jpg,2d3678230213378d02c48bde255a61ec3da8851fe860ce27e78e2b70565a3bc9,8436873c216f1e3e12d314faf6fa55708d38c63ab91051c37b7dfec8e92e7741,"[80, 3, 385, 640]",0.5849609375,305,637,winesensed:150314267,33,val
/mnt/SSD/workspace/wine/data/WineSensed/chunk_001/output_images/chunk_001/-ZnLFvjYTLqijGzV2kJodA.jpg,winesensed,-ZnLFvjYTLqijGzV2kJodA.jpg,winesensed:150314267,,150314267,b3f3cfdba6dbb0089f36e776,ok,/mnt/SSD/workspace/wine/data/winesensed_embedding/crops/b3/b3f3cfdba6dbb0089f36e776.jpg,cf6034f5a205e0f8455f50930b8595d88bc5e11cc986764806ad17fe630eb93b,1d5c83f7604ccbaf8c1b24ba1ccae03179fab9e7b4cbdf3ccbaf3108de5b84ad,"[74, 0, 384, 636]",0.5166015625,310,636,winesensed:150314267,33,val
/mnt/SSD/workspace/wine/data/WineSensed/chunk_001/output_images/chunk_001/3ttvcW3lRSieGlAgxnGLXQ.jpg,winesensed,3ttvcW3lRSieGlAgxnGLXQ.jpg,winesensed:150314267,,150314267,d024f4d52f08917f10431958,ok,/mnt/SSD/workspace/wine/data/winesensed_embedding/crops/d0/d024f4d52f08917f10431958.jpg,9da02d6021e4d2adaaab128437a50a501be046691ddac04a198db7dee6ed7e08,17ea36998caf8839c631e6b000aa98fa034bbd3a0dcd581d83fde456d575b337,"[72, 0, 381, 636]",0.35986328125,309,636,winesensed:150314267,33,val
/mnt/SSD/workspace/wine/data/WineSensed/chunk_002/output_images/chunk_002/62OS8fKFSSa2MxNv8an_oQ.jpg,winesensed,62OS8fKFSSa2MxNv8an_oQ.jpg,winesensed:150314267,,150314267,d8ee4c105af0a42e4655f435,ok,/mnt/SSD/workspace/wine/data/winesensed_embedding/crops/d8/d8ee4c105af0a42e4655f435.jpg,14c9812a95f6b5d5f282d26178f39e070773a2869083f61db47edbf2f126c5b8,39f96ea470254b65833b192bd3c72b7e34f10597759149a4f788b2857445d104,"[75, 0, 398, 640]",0.515625,323,640,winesensed:150314267,33,val
/mnt/SSD/workspace/wine/data/WineSensed/chunk_002/output_images/chunk_002/70GhnHZ0Sw-Uoy0Vv5c0_g.jpg,winesensed,70GhnHZ0Sw-Uoy0Vv5c0_g.jpg,winesensed:156330957,,156330957,0170ca4f07be9d6a97f18643,ok,/mnt/SSD/workspace/wine/data/winesensed_embedding/crops/01/0170ca4f07be9d6a97f18643.jpg,08eff96c439b65c35bb547ddb2a10597c042ac968b028fa0582611a9d3f2df72,11b9e7061d12913b7e34c84942a1afc2dd69bda599ed48adebbd9a254fc6904f,"[15, 0, 480, 640]",0.60009765625,465,640,winesensed:156330957,56,val
/mnt/SSD/workspace/wine/data/WineSensed/chunk_002/output_images/chunk_002/Ar3qkeXoSz2vXDksq5EVVQ.jpg,winesensed,Ar3qkeXoSz2vXDksq5EVVQ.jpg,winesensed:156330957,,156330957,179de5197cb51ea334924485,ok,/mnt/SSD/workspace/wine/data/winesensed_embedding/crops/17/179de5197cb51ea334924485.jpg,d43f63bd4dfb8c4cd77076d73b9e4405d2c3348ed9e6c1f30a5a829a3750bd71,7d46c1f66023ae89c12bb54ac95460a87a90b502e75324af409184c14daf12ad,"[0, 0, 460, 619]",0.359375,460,619,winesensed:156330957,56,val
/mnt/SSD/workspace/wine/data/WineSensed/chunk_001/output_images/chunk_001/-fVATmNKTmWHRKeEcIOQEg.jpg,winesensed,-fVATmNKTmWHRKeEcIOQEg.jpg,winesensed:156330957,,156330957,4176e900998c9cb64826307a,ok,/mnt/SSD/workspace/wine/data/winesensed_embedding/crops/41/4176e900998c9cb64826307a.jpg,ef42d1d03f6629a7df1d47b8a5903a48fa245c1898fcd23ff30d3f5a89f29190,f245a300b610f3117b6257c110aa268155ccb33664c1281766776b170c39c400,"[0, 6, 453, 630]",0.529296875,453,624,winesensed:156330957,56,val
/mnt/SSD/workspace/wine/data/WineSensed/chunk_002/output_images/chunk_002/8T1GmbOlSBeR_Pe_vXxK9g.jpg,winesensed,8T1GmbOlSBeR_Pe_vXxK9g.jpg,winesensed:156330957,,156330957,4882a84345c7c243bb1476ae,ok,/mnt/SSD/workspace/wine/data/winesensed_embedding/crops/48/4882a84345c7c243bb1476ae.jpg,721af6a6206f892bffd1d87dcfd6337137948b2f3c16e481e332fa407476bf1e,8e6decaf8311758af34557492215995eea05ce1ceb5042347d1e4f79f27d29b8,"[54, 0, 437, 613]",0.67333984375,383,613,winesensed:156330957,56,val
/mnt/SSD/workspace/wine/data/WineSensed/chunk_001/output_images/chunk_001/0echb7Y-QTO_Mx7KiM0cow.jpg,winesensed,0echb7Y-QTO_Mx7KiM0cow.jpg,winesensed:156330957,,156330957,7364a9281f2273cd23eca865,ok,/mnt/SSD/workspace/wine/data/winesensed_embedding/crops/73/7364a9281f2273cd23eca865.jpg,bf6cedc00389b8e0ae0d8a5d72c8844b71e8e833f50943962073ee466034eb0e,1d17dc3e96742e0d17d88e85b1e60c8db99f9f8026703b1d353332b44a854ae4,"[51, 0, 446, 551]",0.43408203125,395,551,winesensed:156330957,56,val
/mnt/SSD/workspace/wine/data/WineSensed/chunk_001/output_images/chunk_001/-on47I6RTZaBcvNV_hIgYQ.jpg,winesensed,-on47I6RTZaBcvNV_hIgYQ.jpg,winesensed:156330957,,156330957,b317e4ca420537e28eedc0e4,ok,/mnt/SSD/workspace/wine/data/winesensed_embedding/crops/b3/b317e4ca420537e28eedc0e4.jpg,a8bf08228a41ae759c4cdb8ad1dd7614424d8fe5547fff8a224f0aa8748f5a3c,82fe1c38e224b67a97d2dc19d580df2a7331c4b787d2a194a1689088422c11a8,"[19, 0, 480, 631]",0.505859375,461,631,winesensed:156330957,56,val
/mnt/SSD/workspace/wine/data/WineSensed/chunk_003/output_images/chunk_003/CCoj7LdgRYaxIo3L9lITag.jpg,winesensed,CCoj7LdgRYaxIo3L9lITag.jpg,winesensed:156330957,,156330957,d320bc3e3602cecad7ff99c5,ok,/mnt/SSD/workspace/wine/data/winesensed_embedding/crops/d3/d320bc3e3602cecad7ff99c5.jpg,d48a84a303fcff95dac377cf20917974f3f4dd9e2f804224e39e432a0d0e900b,84871811a789937157d9c75b4fb3659e840bf53425b21996b5289496d4de9316,"[83, 0, 436, 640]",0.626953125,353,640,winesensed:156330957,56,val
/mnt/SSD/workspace/wine/data/WineSensed/chunk_002/output_images/chunk_002/5qXCn6p3QEy6KQbZktw1og.jpg,winesensed,5qXCn6p3QEy6KQbZktw1og.jpg,winesensed:156330957,,156330957,ead4261420230349c44c0101,ok,/mnt/SSD/workspace/wine/data/winesensed_embedding/crops/ea/ead4261420230349c44c0101.jpg,61379f59f32046b1b15a3ea27529909f2dee3a1284c91040e0c03820f5b7f996,894c50ba74d9ea8f37fa9f8ab2c6ff4bbc5f8759142f991bc1c1672e416bc9fc,"[34, 0, 442, 611]",0.68359375,408,611,winesensed:156330957,56,val
/mnt/SSD/workspace/wine/data/WineSensed/chunk_002/output_images/chunk_002/5OxwdW16QRmunMdgyMfcJA.jpg,winesensed,5OxwdW16QRmunMdgyMfcJA.jpg,winesensed:156330957,,156330957,ec3cbf271ee2e2f3eda7e2d4,ok,/mnt/SSD/workspace/wine/data/winesensed_embedding/crops/ec/ec3cbf271ee2e2f3eda7e2d4.jpg,7067faa3194f548f57505a159e59d1740694d9a1c39ec704cf895c91dfb31199,536ff6c2c51213079afc2f4b51233ca0a8295d490de2741c2376f6313bf5a2c1,"[0, 0, 456, 625]",0.4658203125,456,625,winesensed:156330957,56,val
/mnt/SSD/workspace/wine/data/WineSensed/chunk_002/output_images/chunk_002/5unpoRxGQR-jWstZAfXT0Q.jpg,winesensed,5unpoRxGQR-jWstZAfXT0Q.jpg,winesensed:156330957,,156330957,ed7453ad6cf6b8fee0d9557d,ok,/mnt/SSD/workspace/wine/data/winesensed_embedding/crops/ed/ed7453ad6cf6b8fee0d9557d.jpg,2528db65fae76598db8ee7511a26dcb807c31c1b976df8c95f02f73d53f99dda,f30105851d8057dbf8debbf80827670a42fa3551470f8eb5bf4fd234c705e301,"[80, 0, 424, 640]",0.63720703125,344,640,winesensed:156330957,56,val
/mnt/SSD/workspace/wine/data/WineSensed/chunk_003/output_images/chunk_003/BkY9jltLSty1V0bUDjDTdQ.jpg,winesensed,BkY9jltLSty1V0bUDjDTdQ.jpg,winesensed:156330957,,156330957,eecdaa6822a5b5cdadb09499,ok,/mnt/SSD/workspace/wine/data/winesensed_embedding/crops/ee/eecdaa6822a5b5cdadb09499.jpg,f49c3f4542556fb009ec7d56ea7f96ddefefe8a35d6100fa8f3f52548cb0ce35,9c70a7fdf9dd0921dffbe48a7e53a8aa07635a2ab9f30ddd2f8089de32d38f33,"[81, 8, 402, 640]",0.818359375,321,632,winesensed:156330957,56,val
/mnt/SSD/workspace/wine/data/WineSensed/chunk_001/output_images/chunk_001/1slkQv3xQUSApvl6sNbGMQ.jpg,winesensed,1slkQv3xQUSApvl6sNbGMQ.jpg,winesensed:156330957,,156330957,fe28b21e10253514da0eeaef,ok,/mnt/SSD/workspace/wine/data/winesensed_embedding/crops/fe/fe28b21e10253514da0eeaef.jpg,44703a8435f2e3e57e268879beed88d8fa9e3d996b49a140aa737115769b2d41,49fe33e66e2095846cc6b44ff929ac2272b0368084a3edbb8d3d6791ea11be54,"[31, 0, 465, 631]",0.650390625,434,631,winesensed:156330957,56,val
/mnt/SSD/workspace/wine/data/WineSensed/chunk_001/output_images/chunk_001/4xJxCwmHTC2TfMwe96Juww.jpg,winesensed,4xJxCwmHTC2TfMwe96Juww.jpg,winesensed:157065056,,157065056,0508012abc331ca05de1731a,ok,/mnt/SSD/workspace/wine/data/winesensed_embedding/crops/05/0508012abc331ca05de1731a.jpg,bd8007ac59f6fde21b41c1ab00d35227fefcc630e78ffb6426e14133be1e4792,3100125ffbc87efbb251896258f58218d68b569914883ebf313951533635e31e,"[52, 0, 460, 609]",0.63623046875,408,609,winesensed:157065056,59,val
/mnt/SSD/workspace/wine/data/WineSensed/chunk_001/output_images/chunk_001/-wuezPn0S-60PZad0WrQXA.jpg,winesensed,-wuezPn0S-60PZad0WrQXA.jpg,winesensed:157065056,,157065056,0d0423dd5ae06e1b67f3921d,ok,/mnt/SSD/workspace/wine/data/winesensed_embedding/crops/0d/0d0423dd5ae06e1b67f3921d.jpg,c7ea845c8aecb0a511991fde05c26d132e5dd93505c1d50e9abfb5263f36f019,2525ad1a30b9572afe0bec44db625fd2e7d2dfe0862bd703610b0fd49bb2a9ed,"[0, 0, 427, 640]",0.7919921875,427,640,winesensed:157065056,59,val
/mnt/SSD/workspace/wine/data/WineSensed/chunk_001/output_images/chunk_001/-1jMdEwLSVaf5SMuaLR94A.jpg,winesensed,-1jMdEwLSVaf5SMuaLR94A.jpg,winesensed:157065056,,157065056,0fb5d56430b9b62951c9a348,ok,/mnt/SSD/workspace/wine/data/winesensed_embedding/crops/0f/0fb5d56430b9b62951c9a348.jpg,7b0dc50cb6a1d482cef1f7748aa63558e4d73d7d476650a58c0bab13c655aa9c,6b05fe6f4608a73ab76867c8cb4279ed98eafe01b9a185db8402e1d16d4c39c7,"[124, 0, 357, 638]",0.8486328125,233,638,winesensed:157065056,59,val
/mnt/SSD/workspace/wine/data/WineSensed/chunk_001/output_images/chunk_001/1IiRztnoSVKP01xLSySHeQ.jpg,winesensed,1IiRztnoSVKP01xLSySHeQ.jpg,winesensed:157065056,,157065056,2d7001532c0819932f17a27f,ok,/mnt/SSD/workspace/wine/data/winesensed_embedding/crops/2d/2d7001532c0819932f17a27f.jpg,d75577f6390ef4be01cbbba33b119ba2ee43edccd96bd01e5f34f6b5e2e5c253,f194aea47da4532734fac39a71a0aa410784882c3b30f675c9b970bee505e304,"[0, 0, 455, 634]",0.65380859375,455,634,winesensed:157065056,59,val
/mnt/SSD/workspace/wine/data/WineSensed/chunk_001/output_images/chunk_001/1wI-Vew6QK2eK5lHL3AtrA.jpg,winesensed,1wI-Vew6QK2eK5lHL3AtrA.jpg,winesensed:157065056,,157065056,2db6855f68804bc72f6b58bf,ok,/mnt/SSD/workspace/wine/data/winesensed_embedding/crops/2d/2db6855f68804bc72f6b58bf.jpg,d4fabb663ba0baa2ca71e632d9a47e15f4f9c17ae3a1c31ea6962ff99c598985,f95dc85ad4631acab4f4a2192853244a1157918d116b61e55885550e40404bc8,"[111, 0, 352, 626]",0.92822265625,241,626,winesensed:157065056,59,val
/mnt/SSD/workspace/wine/data/WineSensed/chunk_001/output_images/chunk_001/3M5TB8NfS8KrGbmAzTRqmg.jpg,winesensed,3M5TB8NfS8KrGbmAzTRqmg.jpg,winesensed:157065056,,157065056,30c1170016caff17ab01a4e8,ok,/mnt/SSD/workspace/wine/data/winesensed_embedding/crops/30/30c1170016caff17ab01a4e8.jpg,8d49bf569e8f38b05b70971f511af7baa77ccfb6b546f9218148194810be2ab7,79d45eab08a2d99bf8f8c7bdd2d6f88644e5a6533e78c9e3e7f25bdfebb0d268,"[13, 0, 454, 640]",0.71240234375,441,640,winesensed:157065056,59,val
/mnt/SSD/workspace/wine/data/WineSensed/chunk_001/output_images/chunk_001/1AhsJVQwT2WO8BW13ZeB5w.jpg,winesensed,1AhsJVQwT2WO8BW13ZeB5w.jpg,winesensed:157065056,,157065056,6c008245630a3f42d0f74d33,ok,/mnt/SSD/workspace/wine/data/winesensed_embedding/crops/6c/6c008245630a3f42d0f74d33.jpg,58fdbad571a8a7a1ac75e3f52e22bbf87c189988e6a1f2e4ce98a0aca035b09e,37d613d5cd72d0afa7cab9841de0a80f796ac33e7214dbcaa3e39c3c7b52f215,"[0, 1, 440, 623]",0.56982421875,440,622,winesensed:157065056,59,val
/mnt/SSD/workspace/wine/data/WineSensed/chunk_001/output_images/chunk_001/3tc6I67cSz-cRhKEPjSJ8w.jpg,winesensed,3tc6I67cSz-cRhKEPjSJ8w.jpg,winesensed:157065056,,157065056,8a2e21017c5658b03f2d8cec,ok,/mnt/SSD/workspace/wine/data/winesensed_embedding/crops/8a/8a2e21017c5658b03f2d8cec.jpg,f59ecaeb298c11cd52c0265561c6498086cc40cfa3a34ba5fdf1d28e2c230547,013a4990260098ffce009d5ff42694e4262debab4c9b9c41579721c0246f3508,"[31, 0, 406, 640]",0.849609375,375,640,winesensed:157065056,59,val
/mnt/SSD/workspace/wine/data/WineSensed/chunk_001/output_images/chunk_001/0chBfq1CSu6gsm843dB0tQ.jpg,winesensed,0chBfq1CSu6gsm843dB0tQ.jpg,winesensed:157065056,,157065056,aad265ea316f6b8ce8f14dbc,ok,/mnt/SSD/workspace/wine/data/winesensed_embedding/crops/aa/aad265ea316f6b8ce8f14dbc.jpg,07409d77cee94596018b4e8680299ccb401567a2b948a9431adc9ba12936b95f,b0d2f82bace78d499891f519bd1a7331e0923be8aed4e177bf9e187125e62e0c,"[17, 0, 424, 618]",0.25341796875,407,618,winesensed:157065056,59,val
/mnt/SSD/workspace/wine/data/WineSensed/chunk_001/output_images/chunk_001/0SkJGzIeQPy2wYy1d-UuqA.jpg,winesensed,0SkJGzIeQPy2wYy1d-UuqA.jpg,winesensed:157065056,,157065056,b9a6de451c9d75706d2475a7,ok,/mnt/SSD/workspace/wine/data/winesensed_embedding/crops/b9/b9a6de451c9d75706d2475a7.jpg,44c1b7812e87901c9f35184a22c15e52634316f37d8db38d1223cab41354db50,2be6ae8b01ae25773e489bd7b5e0f045e15bf87f4f8249245fe28e84e3a65f83,"[54, 6, 432, 631]",0.5869140625,378,625,winesensed:157065056,59,val
/mnt/SSD/workspace/wine/data/WineSensed/chunk_001/output_images/chunk_001/3Xr4lxxLRlmMdW-t2tGviA.jpg,winesensed,3Xr4lxxLRlmMdW-t2tGviA.jpg,winesensed:157065056,,157065056,c48e1f795620493a7b4c177b,ok,/mnt/SSD/workspace/wine/data/winesensed_embedding/crops/c4/c48e1f795620493a7b4c177b.jpg,bec15c3a9fd26d3bb8222087b58cadc41c07018be1ac1df721455567ae5a8c48,097d0746e06944968c0fc5748f9744146d936fb326705833a1ceaf292b1e38d8,"[16, 0, 448, 640]",0.77587890625,432,640,winesensed:157065056,59,val
/mnt/SSD/workspace/wine/data/WineSensed/chunk_001/output_images/chunk_001/1-tKIwpyR72e8JDWN3jx8Q.jpg,winesensed,1-tKIwpyR72e8JDWN3jx8Q.jpg,winesensed:157065056,,157065056,e9d29640cfebd3953f757c3c,ok,/mnt/SSD/workspace/wine/data/winesensed_embedding/crops/e9/e9d29640cfebd3953f757c3c.jpg,8fdb3e5753532d984db1c28ec06db1f456fc26996b8d45462cb6a715f702bac0,024a8fd053dcde6ae5f3e982be05c3100f50b5d3c10438580b98d442fcb1076a,"[41, 0, 424, 637]",0.83154296875,383,637,winesensed:157065056,59,val
